dataset,sample_id,policy,event_count,mean_t_block_ms,mean_semantic_recall,mean_on_time_recall,mean_read_amplification,mean_useful_on_time_bytes,mean_late_useful_bytes,mean_wrong_nvme_bytes,mean_wrong_h2d_bytes,mean_correction_bytes
gov_report,gov_report/0,No-Selected-Prefetch,6,0.3828395,0.0,0.0,1.0,0.0,0.0,0.0,0.0,1004885.3333333334
gov_report,gov_report/0,Random-Same-Volume,6,0.20493683333333335,0.5201388333333333,0.5201388333333333,1.524305,524288.0,0.0,524288.0,524288.0,480597.3333333333
gov_report,gov_report/0,History-Last1,6,0.07439899999999999,0.9027778333333334,0.9027778333333334,1.086805,906581.3333333334,0.0,87381.33333333333,87381.33333333333,98304.0
gov_report,gov_report/0,Past-Frequency,6,0.053699833333333336,0.9354166666666667,0.9354166666666667,1.1090283333333333,939349.3333333334,0.0,109226.66666666667,109226.66666666667,65536.0
gov_report,gov_report/0,Oracle,6,0.0,1.0,1.0,1.0,1004885.3333333334,0.0,0.0,0.0,0.0
gov_report,gov_report/1,No-Selected-Prefetch,3,0.3752663333333333,0.0,0.0,1.0,0.0,0.0,0.0,0.0,983040.0
gov_report,gov_report/1,Random-Same-Volume,3,0.2230673333333333,0.511111,0.511111,1.5555566666666667,502442.6666666667,0.0,546133.3333333334,546133.3333333334,480597.3333333333
gov_report,gov_report/1,History-Last1,3,0.076822,0.911111,0.911111,1.08889,895658.6666666666,0.0,87381.33333333333,87381.33333333333,87381.33333333333
gov_report,gov_report/1,Past-Frequency,3,0.077355,0.911111,0.911111,1.1555533333333334,895658.6666666666,0.0,152917.33333333334,152917.33333333334,87381.33333333333
gov_report,gov_report/1,Oracle,3,0.0,1.0,1.0,1.0,983040.0,0.0,0.0,0.0,0.0
gov_report,gov_report/2,No-Selected-Prefetch,1,0.400018,0.0,0.0,1.0,0.0,0.0,0.0,0.0,1048576.0
gov_report,gov_report/2,Random-Same-Volume,1,0.205514,0.5,0.5,1.5,524288.0,0.0,524288.0,524288.0,524288.0
gov_report,gov_report/2,History-Last1,1,0.149877,0.8125,0.8125,1.125,851968.0,0.0,131072.0,131072.0,196608.0
gov_report,gov_report/2,Past-Frequency,1,0.126607,0.875,0.875,1.125,917504.0,0.0,131072.0,131072.0,131072.0
gov_report,gov_report/2,Oracle,1,0.0,1.0,1.0,1.0,1048576.0,0.0,0.0,0.0,0.0
multi_news,multi_news/0,No-Selected-Prefetch,5,0.3734132,0.0,0.0,1.0,0.0,0.0,0.0,0.0,996147.2
multi_news,multi_news/0,Random-Same-Volume,5,0.19962359999999998,0.565,0.565,1.488334,563609.6,0.0,484966.4,484966.4,432537.6
multi_news,multi_news/0,History-Last1,5,0.093112,0.8550001999999999,0.8550001999999999,1.1583320000000001,851968.0,0.0,157286.4,157286.4,144179.2
multi_news,multi_news/0,Past-Frequency,5,0.1028394,0.8683332,0.8683332,1.1849979999999998,865075.2,0.0,183500.8,183500.8,131072.0
multi_news,multi_news/0,Oracle,5,0.0,1.0,1.0,1.0,996147.2,0.0,0.0,0.0,0.0
multi_news,multi_news/1,No-Selected-Prefetch,3,0.39023433333333335,0.0,0.0,1.0,0.0,0.0,0.0,0.0,1004885.3333333334
multi_news,multi_news/1,Random-Same-Volume,3,0.19855233333333333,0.5680556666666666,0.5680556666666666,1.47639,567978.6666666666,0.0,480597.3333333333,480597.3333333333,436906.6666666667
multi_news,multi_news/1,History-Last1,3,0.13325233333333333,0.738889,0.738889,1.26111,742741.3333333334,0.0,262144.0,262144.0,262144.0
multi_news,multi_news/1,Past-Frequency,3,0.143653,0.7444443333333334,0.7444443333333334,1.3,742741.3333333334,0.0,305834.6666666667,305834.6666666667,262144.0
multi_news,multi_news/1,Oracle,3,0.0,1.0,1.0,1.0,1004885.3333333334,0.0,0.0,0.0,0.0
multi_news,multi_news/2,No-Selected-Prefetch,2,0.37608050000000004,0.0,0.0,1.0,0.0,0.0,0.0,0.0,1048576.0
multi_news,multi_news/2,Random-Same-Volume,2,0.2302285,0.46875,0.46875,1.53125,491520.0,0.0,557056.0,557056.0,557056.0
multi_news,multi_news/2,History-Last1,2,0.0838955,0.90625,0.90625,1.09375,950272.0,0.0,98304.0,98304.0,98304.0
multi_news,multi_news/2,Past-Frequency,2,0.09049499999999999,0.90625,0.90625,1.09375,950272.0,0.0,98304.0,98304.0,98304.0
multi_news,multi_news/2,Oracle,2,0.0,1.0,1.0,1.0,1048576.0,0.0,0.0,0.0,0.0
multifieldqa_en,multifieldqa_en/1,No-Selected-Prefetch,4,0.36367875,0.0,0.0,1.0,0.0,0.0,0.0,0.0,999424.0
multifieldqa_en,multifieldqa_en/1,Random-Same-Volume,4,0.20946225,0.4916665,0.4916665,1.5583325000000001,491520.0,0.0,557056.0,557056.0,507904.0
multifieldqa_en,multifieldqa_en/1,History-Last1,4,0.0942045,0.8375,0.8375,1.146875,835584.0,0.0,147456.0,147456.0,163840.0
multifieldqa_en,multifieldqa_en/1,Past-Frequency,4,0.070617,0.88645825,0.88645825,1.1635425,884736.0,0.0,163840.0,163840.0,114688.0
multifieldqa_en,multifieldqa_en/1,Oracle,4,0.0,1.0,1.0,1.0,999424.0,0.0,0.0,0.0,0.0
multifieldqa_en,multifieldqa_en/0,No-Selected-Prefetch,2,0.3783285,0.0,0.0,1.0,0.0,0.0,0.0,0.0,983040.0
multifieldqa_en,multifieldqa_en/0,Random-Same-Volume,2,0.20489200000000002,0.5,0.5,1.56667,491520.0,0.0,557056.0,557056.0,491520.0
multifieldqa_en,multifieldqa_en/0,History-Last1,2,0.127152,0.7666665,0.7666665,1.2333349999999998,753664.0,0.0,229376.0,229376.0,229376.0
multifieldqa_en,multifieldqa_en/0,Past-Frequency,2,0.090804,0.866667,0.866667,1.2,851968.0,0.0,196608.0,196608.0,131072.0
multifieldqa_en,multifieldqa_en/0,Oracle,2,0.0,1.0,1.0,1.0,983040.0,0.0,0.0,0.0,0.0
multifieldqa_en,multifieldqa_en/2,No-Selected-Prefetch,4,0.3632955,0.0,0.0,1.0,0.0,0.0,0.0,0.0,983040.0
multifieldqa_en,multifieldqa_en/2,Random-Same-Volume,4,0.196638,0.53333325,0.53333325,1.5333325,524288.0,0.0,524288.0,524288.0,458752.0
multifieldqa_en,multifieldqa_en/2,History-Last1,4,0.118851,0.81666675,0.81666675,1.1833325,802816.0,0.0,180224.0,180224.0,180224.0
multifieldqa_en,multifieldqa_en/2,Past-Frequency,4,0.09427125,0.8666665,0.8666665,1.1999974999999998,851968.0,0.0,196608.0,196608.0,131072.0
multifieldqa_en,multifieldqa_en/2,Oracle,4,0.0,1.0,1.0,1.0,983040.0,0.0,0.0,0.0,0.0
musique,musique/2,No-Selected-Prefetch,3,0.3978973333333333,0.0,0.0,1.0,0.0,0.0,0.0,0.0,983040.0
musique,musique/2,Random-Same-Volume,3,0.1983113333333333,0.511111,0.511111,1.5555566666666667,502442.6666666667,0.0,546133.3333333334,546133.3333333334,480597.3333333333
musique,musique/2,History-Last1,3,0.098526,0.8444443333333332,0.8444443333333332,1.1555566666666666,830122.6666666666,0.0,152917.33333333334,152917.33333333334,152917.33333333334
musique,musique/2,Past-Frequency,3,0.097408,0.8444443333333332,0.8444443333333332,1.2222199999999999,830122.6666666666,0.0,218453.33333333334,218453.33333333334,152917.33333333334
musique,musique/2,Oracle,3,0.0,1.0,1.0,1.0,983040.0,0.0,0.0,0.0,0.0
musique,musique/1,No-Selected-Prefetch,4,0.353971,0.0,0.0,1.0,0.0,0.0,0.0,0.0,983040.0
musique,musique/1,Random-Same-Volume,4,0.22691675,0.43333325,0.43333325,1.6333325,425984.0,0.0,622592.0,622592.0,557056.0
musique,musique/1,History-Last1,4,0.06468974999999999,0.9,0.9,1.1,884736.0,0.0,98304.0,98304.0,98304.0
musique,musique/1,Past-Frequency,4,0.053871,0.9,0.9,1.1666675,884736.0,0.0,163840.0,163840.0,98304.0
musique,musique/1,Oracle,4,0.0,1.0,1.0,1.0,983040.0,0.0,0.0,0.0,0.0
musique,musique/0,No-Selected-Prefetch,3,0.37052,0.0,0.0,1.0,0.0,0.0,0.0,0.0,983040.0
musique,musique/0,Random-Same-Volume,3,0.20447366666666666,0.5333333333333333,0.5333333333333333,1.5333333333333332,524288.0,0.0,524288.0,524288.0,458752.0
musique,musique/0,History-Last1,3,0.08686366666666667,0.8888889999999999,0.8888889999999999,1.11111,873813.3333333334,0.0,109226.66666666667,109226.66666666667,109226.66666666667
musique,musique/0,Past-Frequency,3,0.07883733333333333,0.9333329999999999,0.9333329999999999,1.13333,917504.0,0.0,131072.0,131072.0,65536.0
musique,musique/0,Oracle,3,0.0,1.0,1.0,1.0,983040.0,0.0,0.0,0.0,0.0
narrativeqa,narrativeqa/0,No-Selected-Prefetch,8,0.35337675,0.0,0.0,1.0,0.0,0.0,0.0,0.0,983040.0
narrativeqa,narrativeqa/0,Random-Same-Volume,8,0.197892625,0.53333325,0.53333325,1.5333325,524288.0,0.0,524288.0,524288.0,458752.0
narrativeqa,narrativeqa/0,History-Last1,8,0.107011125,0.8,0.8,1.2,786432.0,0.0,196608.0,196608.0,196608.0
narrativeqa,narrativeqa/0,Past-Frequency,8,0.103372625,0.80833325,0.80833325,1.25833375,794624.0,0.0,253952.0,253952.0,188416.0
narrativeqa,narrativeqa/0,Oracle,8,0.0,1.0,1.0,1.0,983040.0,0.0,0.0,0.0,0.0
narrativeqa,narrativeqa/1,No-Selected-Prefetch,1,0.350558,0.0,0.0,1.0,0.0,0.0,0.0,0.0,983040.0
narrativeqa,narrativeqa/1,Random-Same-Volume,1,0.208876,0.533333,0.533333,1.53333,524288.0,0.0,524288.0,524288.0,458752.0
narrativeqa,narrativeqa/1,History-Last1,1,0.16807,0.6,0.6,1.4,589824.0,0.0,393216.0,393216.0,393216.0
narrativeqa,narrativeqa/1,Past-Frequency,1,0.174788,0.6,0.6,1.46667,589824.0,0.0,458752.0,458752.0,393216.0
narrativeqa,narrativeqa/1,Oracle,1,0.0,1.0,1.0,1.0,983040.0,0.0,0.0,0.0,0.0
narrativeqa,narrativeqa/2,No-Selected-Prefetch,1,0.357533,0.0,0.0,1.0,0.0,0.0,0.0,0.0,983040.0
narrativeqa,narrativeqa/2,Random-Same-Volume,1,0.208618,0.533333,0.533333,1.53333,524288.0,0.0,524288.0,524288.0,458752.0
narrativeqa,narrativeqa/2,History-Last1,1,0.161431,0.666667,0.666667,1.33333,655360.0,0.0,327680.0,327680.0,327680.0
narrativeqa,narrativeqa/2,Past-Frequency,1,0.126636,0.8,0.8,1.26667,786432.0,0.0,262144.0,262144.0,196608.0
narrativeqa,narrativeqa/2,Oracle,1,0.0,1.0,1.0,1.0,983040.0,0.0,0.0,0.0,0.0
qmsum,qmsum/2,No-Selected-Prefetch,4,0.36063775,0.0,0.0,1.0,0.0,0.0,0.0,0.0,983040.0
qmsum,qmsum/2,Random-Same-Volume,4,0.18913075000000001,0.5333335,0.5333335,1.5333350000000001,524288.0,0.0,524288.0,524288.0,458752.0
qmsum,qmsum/2,History-Last1,4,0.11228325,0.80000025,0.80000025,1.1999974999999998,786432.0,0.0,196608.0,196608.0,196608.0
qmsum,qmsum/2,Past-Frequency,4,0.10566299999999999,0.816667,0.816667,1.25,802816.0,0.0,245760.0,245760.0,180224.0
qmsum,qmsum/2,Oracle,4,0.0,1.0,1.0,1.0,983040.0,0.0,0.0,0.0,0.0
qmsum,qmsum/1,No-Selected-Prefetch,3,0.366531,0.0,0.0,1.0,0.0,0.0,0.0,0.0,983040.0
qmsum,qmsum/1,Random-Same-Volume,3,0.24528533333333333,0.4444443333333334,0.4444443333333334,1.6222233333333334,436906.6666666667,0.0,611669.3333333334,611669.3333333334,546133.3333333334
qmsum,qmsum/1,History-Last1,3,0.052175,0.9333333333333332,0.9333333333333332,1.0666666666666667,917504.0,0.0,65536.0,65536.0,65536.0
qmsum,qmsum/1,Past-Frequency,3,0.08455033333333334,0.8888886666666668,0.8888886666666668,1.1777766666666667,873813.3333333334,0.0,174762.66666666666,174762.66666666666,109226.66666666667
qmsum,qmsum/1,Oracle,3,0.0,1.0,1.0,1.0,983040.0,0.0,0.0,0.0,0.0
qmsum,qmsum/0,No-Selected-Prefetch,3,0.37679100000000004,0.0,0.0,1.0,0.0,0.0,0.0,0.0,983040.0
qmsum,qmsum/0,Random-Same-Volume,3,0.21506433333333333,0.48888899999999996,0.48888899999999996,1.5777766666666668,480597.3333333333,0.0,567978.6666666666,567978.6666666666,502442.6666666667
qmsum,qmsum/0,History-Last1,3,0.119717,0.8444443333333332,0.8444443333333332,1.1555566666666666,830122.6666666666,0.0,152917.33333333334,152917.33333333334,152917.33333333334
qmsum,qmsum/0,Past-Frequency,3,0.09295633333333332,0.866667,0.866667,1.2,851968.0,0.0,196608.0,196608.0,131072.0
qmsum,qmsum/0,Oracle,3,0.0,1.0,1.0,1.0,983040.0,0.0,0.0,0.0,0.0
repobench-p,repobench-p/1,No-Selected-Prefetch,3,0.36946133333333336,0.0,0.0,1.0,0.0,0.0,0.0,0.0,983040.0
repobench-p,repobench-p/1,Random-Same-Volume,3,0.21064833333333333,0.48888899999999996,0.48888899999999996,1.5777766666666668,480597.3333333333,0.0,567978.6666666666,567978.6666666666,502442.6666666667
repobench-p,repobench-p/1,History-Last1,3,0.10136533333333332,0.8444446666666666,0.8444446666666666,1.1777766666666667,830122.6666666666,0.0,174762.66666666666,174762.66666666666,152917.33333333334
repobench-p,repobench-p/1,Past-Frequency,3,0.08447833333333334,0.8888889999999999,0.8888889999999999,1.1777766666666667,873813.3333333334,0.0,174762.66666666666,174762.66666666666,109226.66666666667
repobench-p,repobench-p/1,Oracle,3,0.0,1.0,1.0,1.0,983040.0,0.0,0.0,0.0,0.0
repobench-p,repobench-p/2,No-Selected-Prefetch,4,0.348271,0.0,0.0,1.0,0.0,0.0,0.0,0.0,983040.0
repobench-p,repobench-p/2,Random-Same-Volume,4,0.1765025,0.56666675,0.56666675,1.5,557056.0,0.0,491520.0,491520.0,425984.0
repobench-p,repobench-p/2,History-Last1,4,0.09153275,0.8833335,0.8833335,1.116665,868352.0,0.0,114688.0,114688.0,114688.0
repobench-p,repobench-p/2,Past-Frequency,4,0.068671,0.9,0.9,1.1666675,884736.0,0.0,163840.0,163840.0,98304.0
repobench-p,repobench-p/2,Oracle,4,0.0,1.0,1.0,1.0,983040.0,0.0,0.0,0.0,0.0
repobench-p,repobench-p/0,No-Selected-Prefetch,3,0.37546100000000004,0.0,0.0,1.0,0.0,0.0,0.0,0.0,983040.0
repobench-p,repobench-p/0,Random-Same-Volume,3,0.21250466666666668,0.5333333333333333,0.5333333333333333,1.5333366666666668,524288.0,0.0,524288.0,524288.0,458752.0
repobench-p,repobench-p/0,History-Last1,3,0.08838633333333334,0.8888889999999999,0.8888889999999999,1.11111,873813.3333333334,0.0,109226.66666666667,109226.66666666667,109226.66666666667
repobench-p,repobench-p/0,Past-Frequency,3,0.08378033333333333,0.8888889999999999,0.8888889999999999,1.1777766666666667,873813.3333333334,0.0,174762.66666666666,174762.66666666666,109226.66666666667
repobench-p,repobench-p/0,Oracle,3,0.0,1.0,1.0,1.0,983040.0,0.0,0.0,0.0,0.0
ruler_multikey_alternating,ruler_multikey_alternating/1,No-Selected-Prefetch,4,0.36097599999999996,0.0,0.0,1.0,0.0,0.0,0.0,0.0,983040.0
ruler_multikey_alternating,ruler_multikey_alternating/1,Random-Same-Volume,4,0.1994725,0.5833332499999999,0.5833332499999999,1.4833325,573440.0,0.0,475136.0,475136.0,409600.0
ruler_multikey_alternating,ruler_multikey_alternating/1,History-Last1,4,0.0779025,0.9,0.9,1.1166675,884736.0,0.0,114688.0,114688.0,98304.0
ruler_multikey_alternating,ruler_multikey_alternating/1,Past-Frequency,4,0.07616575,0.88333325,0.88333325,1.183335,868352.0,0.0,180224.0,180224.0,114688.0
ruler_multikey_alternating,ruler_multikey_alternating/1,Oracle,4,0.0,1.0,1.0,1.0,983040.0,0.0,0.0,0.0,0.0
ruler_multikey_alternating,ruler_multikey_alternating/0,No-Selected-Prefetch,4,0.36228,0.0,0.0,1.0,0.0,0.0,0.0,0.0,983040.0
ruler_multikey_alternating,ruler_multikey_alternating/0,Random-Same-Volume,4,0.183253,0.5666665,0.5666665,1.5,557056.0,0.0,491520.0,491520.0,425984.0
ruler_multikey_alternating,ruler_multikey_alternating/0,History-Last1,4,0.08585975,0.88333325,0.88333325,1.15,868352.0,0.0,147456.0,147456.0,114688.0
ruler_multikey_alternating,ruler_multikey_alternating/0,Past-Frequency,4,0.0641145,0.91666675,0.91666675,1.15,901120.0,0.0,147456.0,147456.0,81920.0
ruler_multikey_alternating,ruler_multikey_alternating/0,Oracle,4,0.0,1.0,1.0,1.0,983040.0,0.0,0.0,0.0,0.0
ruler_multikey_alternating,ruler_multikey_alternating/2,No-Selected-Prefetch,2,0.38185250000000004,0.0,0.0,1.0,0.0,0.0,0.0,0.0,983040.0
ruler_multikey_alternating,ruler_multikey_alternating/2,Random-Same-Volume,2,0.18982100000000002,0.6,0.6,1.4666649999999999,589824.0,0.0,458752.0,458752.0,393216.0
ruler_multikey_alternating,ruler_multikey_alternating/2,History-Last1,2,0.0779045,0.8999999999999999,0.8999999999999999,1.1,884736.0,0.0,98304.0,98304.0,98304.0
ruler_multikey_alternating,ruler_multikey_alternating/2,Past-Frequency,2,0.0361795,0.9666665,0.9666665,1.1,950272.0,0.0,98304.0,98304.0,32768.0
ruler_multikey_alternating,ruler_multikey_alternating/2,Oracle,2,0.0,1.0,1.0,1.0,983040.0,0.0,0.0,0.0,0.0
