dataset,policy,sample_count,event_count,mean_t_block_ms,std_t_block_ms,ci95_low_t_block_ms,ci95_high_t_block_ms,mean_semantic_recall,std_semantic_recall,ci95_low_semantic_recall,ci95_high_semantic_recall,mean_on_time_recall,std_on_time_recall,ci95_low_on_time_recall,ci95_high_on_time_recall,mean_read_amplification,std_read_amplification,ci95_low_read_amplification,ci95_high_read_amplification,mean_useful_on_time_bytes,std_useful_on_time_bytes,ci95_low_useful_on_time_bytes,ci95_high_useful_on_time_bytes,mean_late_useful_bytes,std_late_useful_bytes,ci95_low_late_useful_bytes,ci95_high_late_useful_bytes,mean_wrong_nvme_bytes,std_wrong_nvme_bytes,ci95_low_wrong_nvme_bytes,ci95_high_wrong_nvme_bytes,mean_wrong_h2d_bytes,std_wrong_h2d_bytes,ci95_low_wrong_h2d_bytes,ci95_high_wrong_h2d_bytes,mean_correction_bytes,std_correction_bytes,ci95_low_correction_bytes,ci95_high_correction_bytes
gov_report,History-Last1,3,10,0.100366,0.042894895652047,0.07439899999999999,0.149877,0.8754629444444445,0.054686467215475355,0.8125,0.9084027208333333,0.8754629444444445,0.054686467215475355,0.8125,0.911111,1.1002316666666667,0.021475324405776364,1.086805,1.125,884736.0,28898.659653654842,851968.0,906581.3333333334,0.0,0.0,0.0,0.0,101944.88888888888,25224.818161074214,87381.33333333333,131072.0,101944.88888888888,25224.818161074214,87381.33333333333,131072.0,127431.11111111111,60157.357231156995,87381.33333333333,196608.0
gov_report,No-Selected-Prefetch,3,10,0.38604127777777775,0.012682656913996695,0.3752663333333333,0.400018,0.0,0.0,0.0,0.0,0.0,0.0,0.0,0.0,1.0,0.0,1.0,1.0,0.0,0.0,0.0,0.0,0.0,0.0,0.0,0.0,0.0,0.0,0.0,0.0,0.0,0.0,0.0,0.0,1012167.1111111111,33369.29786051399,983040.0,1048576.0
gov_report,Oracle,3,10,0.0,0.0,0.0,0.0,1.0,0.0,1.0,1.0,1.0,0.0,1.0,1.0,1.0,0.0,1.0,1.0,1012167.1111111111,33369.29786051399,983040.0,1048576.0,0.0,0.0,0.0,0.0,0.0,0.0,0.0,0.0,0.0,0.0,0.0,0.0,0.0,0.0,0.0,0.0
gov_report,Past-Frequency,3,10,0.08588727777777777,0.03719493999051683,0.053699833333333336,0.126607,0.9071758888888889,0.030399954397504786,0.875,0.9354166666666667,0.9071758888888889,0.030399954397504786,0.875,0.9354166666666667,1.1298605555555554,0.023640276150702747,1.1090283333333333,1.1555533333333334,917504.0,21845.333333333372,895658.6666666666,939349.3333333334,0.0,0.0,0.0,0.0,131072.0,21845.333333333336,109226.66666666667,152917.33333333334,131072.0,21845.333333333336,109226.66666666667,152917.33333333334,94663.11111111111,33369.297860513994,65536.0,131072.0
gov_report,Random-Same-Volume,3,10,0.21117272222222225,0.010305076926141956,0.20493683333333335,0.2230673333333333,0.5104166111111111,0.010087357629910008,0.5,0.5201388333333333,0.5104166111111111,0.010087357629910008,0.5,0.5201388333333333,1.5266205555555556,0.027850622092260826,1.5,1.5555566666666667,517006.22222222225,12612.409080537094,502442.6666666667,524288.0,0.0,0.0,0.0,0.0,531569.7777777779,12612.409080537127,524288.0,546133.3333333334,531569.7777777779,12612.409080537127,524288.0,538851.5555555556,495160.8888888888,25224.81816107422,480597.3333333333,524288.0
multi_news,History-Last1,3,10,0.10341994444444445,0.026243371318790693,0.0838955,0.13325233333333333,0.8333797333333334,0.08574969104558529,0.738889,0.90625,0.8333797333333334,0.08574969104558529,0.738889,0.90625,1.171064,0.08440331905796118,1.09375,1.26111,848327.1111111111,103813.2287124512,742741.3333333334,917504.0,0.0,0.0,0.0,0.0,172578.13333333333,82983.51782886367,98304.0,262144.0,172578.13333333333,82983.51782886367,98304.0,262144.0,168209.06666666668,84521.96323449505,98304.0,262144.0
multi_news,No-Selected-Prefetch,3,10,0.3799093444444444,0.009040612202127644,0.37341320000000006,0.39023433333333335,0.0,0.0,0.0,0.0,0.0,0.0,0.0,0.0,1.0,0.0,1.0,1.0,0.0,0.0,0.0,0.0,0.0,0.0,0.0,0.0,0.0,0.0,0.0,0.0,0.0,0.0,0.0,0.0,1016536.1777777778,28089.16872321931,996147.1999999998,1048576.0
multi_news,Oracle,3,10,0.0,0.0,0.0,0.0,1.0,0.0,1.0,1.0,1.0,0.0,1.0,1.0,1.0,0.0,1.0,1.0,1016536.1777777778,28089.16872321931,996147.1999999998,1048576.0,0.0,0.0,0.0,0.0,0.0,0.0,0.0,0.0,0.0,0.0,0.0,0.0,0.0,0.0,0.0,0.0
multi_news,Past-Frequency,3,10,0.11232913333333333,0.027820577277499717,0.09049499999999999,0.143653,0.8396758444444444,0.08462388233790302,0.7444443333333334,0.90625,0.8396758444444444,0.08462388233790302,0.7444443333333334,0.90625,1.192916,0.10335272936889478,1.09375,1.3,852696.1777777778,104317.66171248988,742741.3333333334,950272.0,0.0,0.0,0.0,0.0,195879.82222222222,104317.6617124899,98304.0,305834.6666666667,195879.82222222222,104317.6617124899,98304.0,305834.6666666667,163840.0,86695.97896096451,98304.0,262144.0
multi_news,Random-Same-Volume,3,10,0.20946814444444442,0.017986972373431633,0.19855233333333333,0.23022850000000003,0.5339352222222221,0.056472729452496026,0.46875,0.5680556666666666,0.5339352222222221,0.056472729452496026,0.46875,0.5680556666666666,1.498658,0.028850366236843467,1.47639,1.53125,541036.0888888888,42937.79780128112,491520.0,567978.6666666666,0.0,0.0,0.0,0.0,507539.9111111111,42937.79780128114,480597.3333333333,557056.0,507539.9111111111,42937.79780128114,480597.3333333333,557056.0,475500.0888888889,70663.26601394133,432537.5999999999,557056.0
multifieldqa_en,History-Last1,3,10,0.1134025,0.017136191328588738,0.09420449999999998,0.127152,0.8069444166666667,0.036403832279662984,0.7666665,0.8375,0.8069444166666667,0.036403832279662984,0.7666665,0.8375,1.1878475,0.043406472083665014,1.146875,1.2333349999999998,797354.6666666666,41232.162462491986,753664.0,835584.0,0.0,0.0,0.0,0.0,185685.33333333334,41232.162462491986,147456.0,229376.0,185685.33333333334,41232.162462491986,147456.0,229376.0,191146.66666666666,34106.01573525312,163840.0,229376.0
multifieldqa_en,No-Selected-Prefetch,3,10,0.36843424999999996,0.008570814280889546,0.3632955,0.3783285,0.0,0.0,0.0,0.0,0.0,0.0,0.0,0.0,1.0,0.0,1.0,1.0,0.0,0.0,0.0,0.0,0.0,0.0,0.0,0.0,0.0,0.0,0.0,0.0,0.0,0.0,0.0,0.0,988501.3333333334,9459.306810402828,983040.0,999424.0
multifieldqa_en,Oracle,3,10,0.0,0.0,0.0,0.0,1.0,0.0,1.0,1.0,1.0,0.0,1.0,1.0,1.0,0.0,1.0,1.0,988501.3333333334,9459.306810402828,983040.0,999424.0,0.0,0.0,0.0,0.0,0.0,0.0,0.0,0.0,0.0,0.0,0.0,0.0,0.0,0.0,0.0,0.0
multifieldqa_en,Past-Frequency,3,10,0.08523075000000001,0.012774064444705921,0.070617,0.09427124999999999,0.8732639166666667,0.011426627855401328,0.8666665,0.88645825,0.8732639166666667,0.011426627855401328,0.8666665,0.88645825,1.1878466666666665,0.02104802578826177,1.1635425,1.2,862890.6666666666,18918.613620805656,851968.0,884736.0,0.0,0.0,0.0,0.0,185685.33333333334,18918.613620805656,163840.0,196608.0,185685.33333333334,18918.613620805656,163840.0,196608.0,125610.66666666667,9459.306810402828,114688.0,131072.0
multifieldqa_en,Random-Same-Volume,3,10,0.20366408333333333,0.006499706264196347,0.196638,0.20946225,0.5083332500000001,0.022047943340876477,0.4916665,0.53333325,0.5083332500000001,0.022047943340876477,0.4916665,0.53333325,1.5527783333333334,0.01734888475041939,1.5333325,1.56667,502442.6666666667,18918.613620805656,491520.0,524288.0,0.0,0.0,0.0,0.0,546133.3333333334,18918.613620805656,524288.0,557056.0,546133.3333333334,18918.613620805656,524288.0,557056.0,486058.6666666667,25026.973395385496,458752.0,507904.0
musique,History-Last1,3,10,0.08335980555555556,0.017188098659540352,0.06468974999999999,0.098526,0.8777777777777778,0.029397320781801715,0.8444443333333332,0.9,0.8777777777777778,0.029397320781801715,0.8444443333333332,0.9,1.1222222222222222,0.029398076719656493,1.1,1.1555566666666666,862890.6666666666,28898.659653654864,830122.6666666666,884736.0,0.0,0.0,0.0,0.0,120149.33333333333,28898.65965365484,98304.0,152917.33333333334,120149.33333333333,28898.65965365484,101944.88888888889,152917.33333333334,120149.33333333333,28898.65965365484,98304.0,152917.33333333334
musique,No-Selected-Prefetch,3,10,0.37412944444444446,0.02218449361436781,0.353971,0.3978973333333333,0.0,0.0,0.0,0.0,0.0,0.0,0.0,0.0,1.0,0.0,1.0,1.0,0.0,0.0,0.0,0.0,0.0,0.0,0.0,0.0,0.0,0.0,0.0,0.0,0.0,0.0,0.0,0.0,983040.0,0.0,983040.0,983040.0
musique,Oracle,3,10,0.0,0.0,0.0,0.0,1.0,0.0,1.0,1.0,1.0,0.0,1.0,1.0,1.0,0.0,1.0,1.0,983040.0,0.0,983040.0,983040.0,0.0,0.0,0.0,0.0,0.0,0.0,0.0,0.0,0.0,0.0,0.0,0.0,0.0,0.0,0.0,0.0
musique,Past-Frequency,3,10,0.07670544444444444,0.02184665431881792,0.053871,0.097408,0.8925924444444444,0.04490492929429825,0.8444443333333332,0.9333329999999999,0.8925924444444444,0.04490492929429825,0.8444443333333332,0.9333329999999999,1.1740725,0.044905273006073526,1.13333,1.2222199999999999,877454.2222222221,44143.43178187989,830122.6666666666,917504.0,0.0,0.0,0.0,0.0,171121.77777777778,44143.43178187987,131072.0,218453.33333333334,171121.77777777778,44143.43178187987,131072.0,218453.33333333334,105585.7777777778,44143.43178187987,65536.0,152917.33333333334
musique,Random-Same-Volume,3,10,0.2099005833333333,0.01505509993485966,0.1983113333333333,0.22691675,0.4925925277777778,0.05250908994404982,0.43333325,0.5333333333333333,0.4925925277777778,0.05250908994404982,0.43333325,0.5333333333333333,1.5740741666666667,0.052508396359005796,1.5333333333333332,1.6333325,484238.22222222225,51618.50881368183,425984.0,524288.0,0.0,0.0,0.0,0.0,564337.7777777779,51618.508813681816,524288.0,622592.0,564337.7777777779,51618.508813681816,524288.0,622592.0,498801.77777777775,51618.50881368183,458752.0,557056.0
narrativeqa,History-Last1,3,10,0.14550404166666667,0.03350070977427506,0.107011125,0.16807000000000002,0.688889,0.10183497907399013,0.6,0.8000000000000002,0.688889,0.10183497907399013,0.6,0.8000000000000002,1.31111,0.10183465176451478,1.2,1.3999999999999997,677205.3333333334,100107.89358154198,589824.0,786432.0,0.0,0.0,0.0,0.0,305834.6666666667,100107.89358154198,196608.0,393216.0,305834.6666666667,100107.89358154198,196608.0,393216.0,305834.6666666667,100107.89358154198,196608.0,371370.6666666667
narrativeqa,No-Selected-Prefetch,3,10,0.35382258333333333,0.0035088077420732744,0.350558,0.35753299999999993,0.0,0.0,0.0,0.0,0.0,0.0,0.0,0.0,1.0,0.0,1.0,1.0,0.0,0.0,0.0,0.0,0.0,0.0,0.0,0.0,0.0,0.0,0.0,0.0,0.0,0.0,0.0,0.0,983040.0,0.0,983040.0,983040.0
narrativeqa,Oracle,3,10,0.0,0.0,0.0,0.0,1.0,0.0,1.0,1.0,1.0,0.0,1.0,1.0,1.0,0.0,1.0,1.0,983040.0,0.0,983040.0,983040.0,0.0,0.0,0.0,0.0,0.0,0.0,0.0,0.0,0.0,0.0,0.0,0.0,0.0,0.0,0.0,0.0
narrativeqa,Past-Frequency,3,10,0.13493220833333333,0.03642333388269405,0.103372625,0.17478800000000003,0.7361110833333333,0.11794927307330401,0.6,0.80833325,0.7361110833333333,0.11794927307330401,0.6,0.80833325,1.3305579166666666,0.11795019155567668,1.25833375,1.46667,723626.6666666666,115948.87848243007,589824.0,794624.0,0.0,0.0,0.0,0.0,324949.3333333333,115948.87848243007,253952.0,458752.0,324949.3333333333,115948.87848243007,253952.0,458752.0,259413.33333333334,115948.87848243007,188416.0,393216.0
narrativeqa,Random-Same-Volume,3,10,0.205128875,0.0062681039036438365,0.19789262500000002,0.20887599999999998,0.5333330833333333,1.4433756731758166e-07,0.533333,0.53333325,0.5333330833333333,1.4433756731758166e-07,0.533333,0.53333325,1.5333308333333333,1.4433756729194215e-06,1.53333,1.5333325,524288.0,0.0,524288.0,524288.0,0.0,0.0,0.0,0.0,524288.0,0.0,524288.0,524288.0,524288.0,0.0,524288.0,524288.0,458752.0,0.0,458752.0,458752.0
qmsum,History-Last1,3,10,0.09472508333333333,0.03703643278612066,0.052175,0.119717,0.8592593055555554,0.06788991331009571,0.80000025,0.9333333333333332,0.8592593055555554,0.06788991331009571,0.80000025,0.9333333333333332,1.1407402777777778,0.06788904045661832,1.0666666666666667,1.1999974999999998,844686.2222222221,66738.59572102799,786432.0,917504.0,0.0,0.0,0.0,0.0,138353.77777777778,66738.59572102799,65536.0,196608.0,138353.77777777778,66738.59572102799,65536.0,196608.0,138353.77777777778,66738.59572102799,65536.0,196608.0
qmsum,No-Selected-Prefetch,3,10,0.36798658333333334,0.008174406004159192,0.36063775,0.37679100000000004,0.0,0.0,0.0,0.0,0.0,0.0,0.0,0.0,1.0,0.0,1.0,1.0,0.0,0.0,0.0,0.0,0.0,0.0,0.0,0.0,0.0,0.0,0.0,0.0,0.0,0.0,0.0,0.0,983040.0,0.0,983040.0,983040.0
qmsum,Oracle,3,10,0.0,0.0,0.0,0.0,1.0,0.0,1.0,1.0,1.0,0.0,1.0,1.0,1.0,0.0,1.0,1.0,983040.0,0.0,983040.0,983040.0,0.0,0.0,0.0,0.0,0.0,0.0,0.0,0.0,0.0,0.0,0.0,0.0,0.0,0.0,0.0,0.0
qmsum,Past-Frequency,3,10,0.09438988888888888,0.010629086724295389,0.08455033333333334,0.10566299999999999,0.8574075555555556,0.03699047536316064,0.8166670000000001,0.8888886666666668,0.8574075555555556,0.03699047536316064,0.8166670000000001,0.8888886666666668,1.2092588888888889,0.03699118458547978,1.1777766666666667,1.25,842865.7777777779,36363.34929772214,802816.0,873813.3333333334,0.0,0.0,0.0,0.0,205710.22222222222,36363.34929772213,174762.66666666666,245760.0,205710.22222222222,36363.34929772213,174762.66666666666,245760.0,140174.22222222222,36363.349297722125,109226.66666666667,180224.0
qmsum,Random-Same-Volume,3,10,0.21649347222222223,0.02810455720711269,0.18913075000000001,0.24528533333333333,0.4888889444444445,0.04444458333335936,0.44444433333333344,0.5333335,0.4888889444444445,0.04444458333335936,0.45925922222222226,0.5333335,1.5777783333333335,0.044444166690104266,1.5333350000000001,1.6222233333333334,480597.3333333333,43690.66666666666,436906.6666666667,524288.0,0.0,0.0,0.0,0.0,567978.6666666666,43690.666666666686,524288.0,611669.3333333334,567978.6666666666,43690.666666666686,524288.0,611669.3333333334,502442.6666666667,43690.666666666686,458752.0,546133.3333333334
repobench-p,History-Last1,3,10,0.09376147222222221,0.006770451410937843,0.08838633333333334,0.10136533333333332,0.8722223888888889,0.0242160542606285,0.8444446666666666,0.8888889999999999,0.8722223888888889,0.0242160542606285,0.8444446666666666,0.8888889999999999,1.135183888888889,0.036990850833285384,1.11111,1.1777766666666667,857429.3333333334,23805.400096990168,830122.6666666666,873813.3333333334,0.0,0.0,0.0,0.0,132892.44444444444,36363.34929772212,109226.66666666667,174762.66666666666,132892.44444444444,36363.34929772212,109226.66666666667,174762.66666666666,125610.66666666667,23805.400096990135,109226.66666666667,152917.33333333334
repobench-p,No-Selected-Prefetch,3,10,0.3643977777777778,0.01428473734963821,0.348271,0.37546100000000004,0.0,0.0,0.0,0.0,0.0,0.0,0.0,0.0,1.0,0.0,1.0,1.0,0.0,0.0,0.0,0.0,0.0,0.0,0.0,0.0,0.0,0.0,0.0,0.0,0.0,0.0,0.0,0.0,983040.0,0.0,983040.0,983040.0
repobench-p,Oracle,3,10,0.0,0.0,0.0,0.0,1.0,0.0,1.0,1.0,1.0,0.0,1.0,1.0,1.0,0.0,1.0,1.0,983040.0,0.0,983040.0,983040.0,0.0,0.0,0.0,0.0,0.0,0.0,0.0,0.0,0.0,0.0,0.0,0.0,0.0,0.0,0.0,0.0
repobench-p,Past-Frequency,3,10,0.07897655555555555,0.008931693987227816,0.068671,0.08447833333333334,0.8925926666666667,0.0064149388409659855,0.8888889999999999,0.8962963333333334,0.8925926666666667,0.0064149388409659855,0.8888889999999999,0.9,1.1740736111111112,0.006413880365472451,1.1666675,1.1777766666666667,877454.2222222224,6306.20454026853,873813.3333333334,884736.0,0.0,0.0,0.0,0.0,171121.77777777778,6306.204540268547,163840.0,174762.66666666666,171121.77777777778,6306.204540268547,163840.0,174762.66666666666,105585.7777777778,6306.204540268555,98304.0,109226.66666666667
repobench-p,Random-Same-Volume,3,10,0.19988516666666667,0.02027124363956105,0.1765025,0.2118858888888889,0.5296296944444444,0.03902092136956909,0.48888899999999996,0.56666675,0.5296296944444444,0.03902092136956909,0.48888899999999996,0.56666675,1.537037777777778,0.039020201652952065,1.5,1.5777766666666668,520647.11111111107,38359.14468594207,480597.3333333333,557056.0,0.0,0.0,0.0,0.0,527928.8888888889,38359.14468594204,491520.0,567978.6666666666,527928.8888888889,38359.14468594204,491520.0,567978.6666666666,462392.88888888893,38359.14468594207,425984.0,502442.6666666667
ruler_multikey_alternating,History-Last1,3,10,0.08055558333333333,0.004593543188088398,0.0779025,0.08585975,0.8944444166666666,0.009622552599016199,0.8833332500000001,0.9,0.8944444166666666,0.009622552599016199,0.8833332500000001,0.9,1.1222225000000001,0.025458662941128623,1.1,1.15,879274.6666666666,9459.306810402828,868352.0,884736.0,0.0,0.0,0.0,0.0,120149.33333333333,25026.973395385496,98304.0,147456.0,120149.33333333333,25026.973395385496,98304.0,147456.0,103765.33333333333,9459.306810402828,98304.0,114688.0
ruler_multikey_alternating,No-Selected-Prefetch,3,10,0.3683695,0.011694809564503427,0.36097599999999996,0.3818525000000001,0.0,0.0,0.0,0.0,0.0,0.0,0.0,0.0,1.0,0.0,1.0,1.0,0.0,0.0,0.0,0.0,0.0,0.0,0.0,0.0,0.0,0.0,0.0,0.0,0.0,0.0,0.0,0.0,983040.0,0.0,983040.0,983040.0
ruler_multikey_alternating,Oracle,3,10,0.0,0.0,0.0,0.0,1.0,0.0,1.0,1.0,1.0,0.0,1.0,1.0,1.0,0.0,1.0,1.0,983040.0,0.0,983040.0,983040.0,0.0,0.0,0.0,0.0,0.0,0.0,0.0,0.0,0.0,0.0,0.0,0.0,0.0,0.0,0.0,0.0
ruler_multikey_alternating,Past-Frequency,3,10,0.05881991666666667,0.02051217947393288,0.0361795,0.07616575,0.9222221666666667,0.04194346945170171,0.8833332500000001,0.9666665,0.9222221666666667,0.04194346945170171,0.8833332500000001,0.9666665,1.144445,0.04194429728818921,1.1,1.183335,906581.3333333334,41232.162462491986,868352.0,950272.0,0.0,0.0,0.0,0.0,141994.66666666666,41232.162462491986,98304.0,180224.0,141994.66666666666,41232.162462491986,98304.0,180224.0,76458.66666666667,41232.162462491986,49152.0,114688.0
ruler_multikey_alternating,Random-Same-Volume,3,10,0.19084883333333336,0.008158454270468966,0.183253,0.19947250000000002,0.5833332499999999,0.016666750000000008,0.5666665,0.6,0.5833332499999999,0.016666750000000008,0.5666665,0.6,1.4833325000000002,0.016667500000000057,1.4666649999999999,1.5,573440.0,16384.0,557056.0,589824.0,0.0,0.0,0.0,0.0,475136.0,16384.0,458752.0,491520.0,475136.0,16384.0,458752.0,491520.0,409600.0,16384.0,393216.0,425984.0
